﻿<?xml version="1.0" encoding="UTF-8" standalone="yes"?>
<addon id="plugin.video.elysium" version="2017.06.07" name="Elysium" provider-name="Elysium">
	<requires>
		<import addon="xbmc.python" version="2.19.0" />
	</requires>
	<extension point="xbmc.addon.metadata">
		<summary lang="en">Elysium Movies/TV Shows</summary>
		<description lang="en">Watch Movies and TV Shows in High quality! Please note that this addon is not an official part of the Kodi media player , and therefore not to be mentioned within official support channels, this addon has nothing to do with the media player itself, nor it’s intended use, it is simply a third party plugin which has been added to your system.</description>
		<description lang="en">Watch Movies and TV Shows in High quality! Please note that this addon is not an official part of the Kodi media player , and therefore not to be mentioned within official support channels, this addon has nothing to do with the media player itself, nor it’s intended use, it is simply a third party plugin which has been added to your system.</description>
		<disclaimer lang="en">The Author does not host or share any content, nor is affiliated with the content providers.</disclaimer>
		<platform>all</platform>
		<news>Rebrand from Zen to Elysium / Disabled Cinemabox</news>
		<assets>
			<icon>icon.png</icon>
			<fanart>fanart.jpg</fanart>
			<screenshot>resources/screenshots/01.jpg</screenshot>
			<screenshot>resources/screenshots/02.jpg</screenshot>
			<screenshot>resources/screenshots/03.jpg</screenshot>
		</assets>
	</extension>
	<extension point="xbmc.addon.repository" name="Elysium">
		<dir minversion="14.0.0">
			<info compressed="false">https://github.com/OpenELEQ/repository.elysium/raw/master/elysium.xml</info>
			<checksum>https://github.com/OpenELEQ/repository.elysium/raw/master/elysium.xml.md5</checksum>
			<datadir zip="true">https://raw.github.com/OpenELEQ/repository.elysium/master/</datadir>
		</dir>
	</extension>
</addon>